<!--
	Quest format description:

	Example: <quest id="quest_BasicSurvival1" name_key="Basic Survival 1/8" subtitle_key="Craft a Stone Axe" description_key="blah" icon="ui_game_symbol_hammer" >

	id = ID used for the quest
	name_key - localization key for the quest used when displayed in the quest list.
	subtitle_key = localization key for the sub name used when displayed in the quest details and tracker.
	description_key = localization key for the description displayed in the description window.
	offer_key = localization key for the offer window description.
	icon = icon shown in the quest list and on the tracker.
	category_key = localization key for the category type (quest,challenge)
	difficulty = (veryeasy, easy, medium, hard, insane )

	Alternative settings for custom quest creation:

	name - quest name without localization.
	subtitle - sub name without localization.
	description - description without localization.
	offer - offer without localization.
	group_name - quest chain name without localization.
	category - category type without localization.

-->
<quests>
	<!-- Basic Survival 1 - Choose Profession /> -->
	<!-- Basic Survival 1 - Craft a Bedroll /> -->
	<quest id="quest_BasicSurvival1" group_name_key="quest_BasicSurvival" name_key="quest_BasicSurvival1" subtitle_key="quest_BasicSurvival1_subtitle" description_key="quest_BasicSurvival1_description" icon="ui_game_symbol_book" category_key="quest">
		<action type="ShowTip" value="tutorialTipQuest02" />
		<action type="TrackQuest" />
		<objective type="FetchKeep" id="keystoneRock" value="1" />
		<reward type="Item" id="tatteredShoes" value="600" />
		<reward type="Item" id="tatteredPants" value="600" />
		<reward type="Item" id="tatteredShirt" value="600" />
		<reward type="Quest" id="quest_BasicSurvival2" />
		<reward type="Quest" id="quest_BasicSurvival3" />
		<reward type="Quest" id="quest_BasicSurvival4" />
		<reward type="Quest" id="quest_BasicSurvival5" />
		<reward type="Quest" id="quest_BasicSurvival6" />
		<reward type="Quest" id="quest_BasicSurvival7" />
		<reward type="Quest" id="quest_BasicSurvival8" />
		<reward type="Quest" id="quest_BasicSurvival9" />
		<reward type="Quest" id="quest_BasicSurvival10" />
		<reward type="Quest" id="quest_BasicSurvival11" />
		<reward type="Quest" id="quest_BasicSurvival12" />
		<reward type="Quest" id="quest_BasicSurvival13" />
		<reward type="Quest" id="quest_BasicSurvival14" />
		<reward type="Quest" id="quest_BasicSurvival15" />
		<reward type="Quest" id="quest_BasicSurvival16" />
		<reward type="Quest" id="quest_BasicSurvival17" />
		<reward type="Quest" id="quest_BasicSurvival18" />
		<reward type="Quest" id="quest_BasicSurvival19" />
		<reward type="Quest" id="quest_BasicSurvival20" />
		<reward type="Quest" id="quest_BasicSurvival21" />
		<reward type="Quest" id="quest_BasicSurvival22" />
		<reward type="Quest" id="quest_BasicSurvival23" />
		<reward type="Quest" id="quest_BasicSurvival24" />
		<reward type="Quest" id="quest_BasicSurvival25" />
		<reward type="Quest" id="quest_BasicSurvival26" />
		<reward type="Quest" id="quest_BasicSurvival27" />
		<reward type="Quest" id="quest_BasicSurvival28" />
		<reward type="Quest" id="quest_BasicSurvival29" />
		<reward type="Quest" id="quest_BasicSurvival30" />
		<reward type="Quest" id="quest_BasicSurvival31" />
		<reward type="Quest" id="quest_BasicSurvival32" />
        <reward type="Quest" id="quest_BasicSurvival33" />
        <reward type="Quest" id="quest_BasicSurvival34" />
        <reward type="Quest" id="quest_BasicSurvival35" />
		<reward type="Exp" value="400" />
		<reward type="ShowTip" value="skillPointTip" stage="aftercomplete" />
		<reward type="SkillPoints" value="1" />
	</quest>
	<!-- Basic Survival 2 - Craft Fiber Rope /> -->
	<quest id="quest_BasicSurvival2" group_name_key="quest_BasicSurvival" name_key="quest_BasicSurvival9" subtitle_key="quest_BasicSurvival9_subtitle" description_key="quest_BasicSurvival9_description" icon="ui_game_symbol_hammer" category_key="quest">
		<objective type="FetchKeep" id="plantFibers" value="60" />
		<objective type="Craft" id="fiberRope" value="30" />
		<reward type="Exp" value="400" />
	</quest>
	<!-- Basic Survival 3 - Craft Stone Axe /> -->
	<quest id="quest_BasicSurvival3" group_name_key="quest_BasicSurvival" name_key="quest_BasicSurvival2" subtitle_key="quest_BasicSurvival2_subtitle" description_key="quest_BasicSurvival2_description" icon="ui_game_symbol_hammer" category_key="quest">
		<objective type="FetchKeep" id="woodBranch" value="2" />
		<objective type="FetchKeep" id="fiberRope" value="2" />
		<objective type="FetchKeep" id="rockSmall" value="5" />
		<objective type="Craft" id="stoneAxe" value="1" />
		<reward type="Exp" value="400" />
	</quest>
	<!-- Basic Survival 4 - Craft Plant Fiber Clothing /> -->
	<quest id="quest_BasicSurvival4" group_name_key="quest_BasicSurvival" name_key="quest_BasicSurvival3" subtitle_key="quest_BasicSurvival3_subtitle" description_key="quest_BasicSurvival3_description" icon="ui_game_symbol_tailoring" category_key="quest">
		<objective type="FetchKeep" id="plantFibers" value="75" />
		<objective type="FetchKeep" id="fiberRope" value="20" />
		<objective type="Craft" id="plantFiberPants" value="1" />
		<objective type="Craft" id="plantFiberShirt" value="1" />
		<objective type="Craft" id="plantFiberHood" value="1" />
		<objective type="Craft" id="plantFiberShoes" value="1" />
		<objective type="Craft" id="plantFiberGloves" value="1" />
		<reward type="Exp" value="400" />
	</quest>
	<!-- Basic Survival 5 - Craft a Wooden Club /> -->
	<quest id="quest_BasicSurvival5" group_name_key="quest_BasicSurvival" name_key="quest_BasicSurvival4" subtitle_key="quest_BasicSurvival4_subtitle" description_key="quest_BasicSurvival4_description" icon="ui_game_symbol_club" category_key="quest">
		<objective type="FetchKeep" id="woodBranch" value="10" />
		<objective type="FetchKeep" id="plantFibers" value="10" />
		<objective type="Craft" id="fiberRope" value="5" />
		<objective type="Craft" id="clubWood" value="1" />
		<reward type="Exp" value="400" />
	</quest>
	<!-- Basic Survival 6 - Craft Bow & Arrows /> -->
	<quest id="quest_BasicSurvival6" group_name_key="quest_BasicSurvival" name_key="quest_BasicSurvival5" subtitle_key="quest_BasicSurvival5_subtitle" description_key="quest_BasicSurvival5_description" icon="ui_game_symbol_archery" category_key="quest">
		<objective type="FetchKeep" id="stick" value="8" />
		<objective type="FetchKeep" id="plantFibers" value="6" />
		<objective type="FetchKeep" id="feather" value="2" />
		<objective type="FetchKeep" id="rockSmall" value="2" />
		<objective type="Craft" id="fiberRope" value="3" />
		<objective type="Craft" id="woodenBow" value="1" />
		<objective type="Craft" id="arrow" value="2" />
		<reward type="Exp" value="400" />
	</quest>
	<!-- Basic Survival 7 - Craft Cloth /> -->
	<quest id="quest_BasicSurvival7" group_name_key="quest_BasicSurvival" name_key="quest_BasicSurvival7" subtitle_key="quest_BasicSurvival7_subtitle" description_key="quest_BasicSurvival7_description" icon="ui_game_symbol_tailoring" category_key="quest">
		<objective type="FetchKeep" id="cottonPlant" value="95" />
		<objective type="Craft" id="cloth" value="19" />
		<reward type="Exp" value="400" />
	</quest>
	<!-- Basic Survival 8 - Craft Bandages /> -->
	<quest id="quest_BasicSurvival8" group_name_key="quest_BasicSurvival" name_key="quest_BasicSurvival8" subtitle_key="quest_BasicSurvival8_subtitle" description_key="quest_BasicSurvival8_description" icon="ui_game_symbol_medical" category_key="quest">
		<objective type="FetchKeep" id="cloth" value="9" />
		<objective type="Craft" id="bandage" value="3" />
		<reward type="Exp" value="400" />
	</quest>
	<!-- Basic Survival 9 - Kill Zombie /> -->
	<quest id="quest_BasicSurvival9" group_name_key="quest_BasicSurvival" name_key="quest_BasicSurvival6" subtitle_key="quest_BasicSurvival6_subtitle" description_key="quest_BasicSurvival6_description" icon="ui_game_symbol_zombie" category_key="quest">
		<objective type="ZombieKill" value="3" />
		<reward type="Exp" value="400" />
		<reward type="SkillPoints" value="1" />
	</quest>
	<!-- Basic Survival 10 - Craft Bed Roll /> -->
	<quest id="quest_BasicSurvival10" group_name_key="quest_BasicSurvival" name_key="quest_BasicSurvival10" subtitle_key="quest_BasicSurvival10_subtitle" description_key="quest_BasicSurvival10_description" icon="ui_game_symbol_map_bed" category_key="quest">
		<objective type="FetchKeep" id="cloth" value="10" />
		<objective type="Craft" id="bedroll" value="1" />
		<objective type="BlockPlace" id="bedroll" value="1" />
		<reward type="Exp" value="400" />
	</quest>
	<!-- Basic Survival 11 - Craft Campfire /> -->
	<quest id="quest_BasicSurvival11" group_name_key="quest_BasicSurvival" name_key="quest_BasicSurvival11" subtitle_key="quest_BasicSurvival11_subtitle" description_key="quest_BasicSurvival11_description" icon="ui_game_symbol_campfire" category_key="quest">
		<objective type="FetchKeep" id="plantFibers" value="3" />
		<objective type="FetchKeep" id="rockSmall" value="16" />
		<objective type="Craft" id="campfire" value="1" />
		<objective type="BlockPlace" id="campfire" value="1" />
		<reward type="Exp" value="400" />
	</quest>
	<!-- Basic Survival 12 - Craft Stone Shovel /> -->
	<quest id="quest_BasicSurvival12" group_name_key="quest_BasicSurvival" name_key="quest_BasicSurvival12" subtitle_key="quest_BasicSurvival12_subtitle" description_key="quest_BasicSurvival12_description" icon="ui_game_symbol_tool" category_key="quest">
		<objective type="FetchKeep" id="fiberRope" value="3" />
		<objective type="FetchKeep" id="rockSmall" value="3" />
		<objective type="FetchKeep" id="woodBranch" value="3" />
		<objective type="Craft" id="stoneShovel" value="1" />
		<reward type="Exp" value="400" />
	</quest>
	<!-- Basic Survival 13 - Craft Bone Shiv /> -->
	<quest id="quest_BasicSurvival13" group_name_key="quest_BasicSurvival" name_key="quest_BasicSurvival13" subtitle_key="quest_BasicSurvival13_subtitle" description_key="quest_BasicSurvival13_description" icon="ui_game_symbol_knife" category_key="quest">
		<objective type="FetchKeep" id="femur" value="1" />
		<objective type="Craft" id="boneShiv" value="1" />
		<reward type="Exp" value="400" />
	</quest>
	<!-- Basic Survival 14 - Clean Some Water /> -->
	<quest id="quest_BasicSurvival14" group_name_key="quest_BasicSurvival" name_key="quest_BasicSurvival14" subtitle_key="quest_BasicSurvival14_subtitle" description_key="quest_BasicSurvival14_description" icon="ui_game_symbol_water" category_key="quest">
		<objective type="FetchKeep" id="canEmpty" value="2" />
		<objective type="FetchKeep" id="canMurkyWater" value="2" />
		<objective type="FetchKeep" id="canBoiledWater" value="2" />
		<reward type="Exp" value="400" />
	</quest>
	<!-- Basic Survival 15 - Craft Iron Reinforced Club /> -->
	<quest id="quest_BasicSurvival15" group_name_key="quest_BasicSurvival" name_key="quest_BasicSurvival15" subtitle_key="quest_BasicSurvival15_subtitle" description_key="quest_BasicSurvival15_description" icon="ui_game_symbol_club" category_key="quest">
		<objective type="FetchKeep" id="clubWood" value="1" />
		<objective type="FetchKeep" id="scrapIron" value="10" />
		<objective type="FetchKeep" id="clubIron" value="1" />
		<reward type="Exp" value="400" />
		<reward type="SkillPoints" value="1" />
	</quest>
	<!-- Basic Survival 16 - Food Servings /> -->
	<quest id="quest_BasicSurvival16" group_name_key="quest_BasicSurvival" name_key="quest_BasicSurvival16" subtitle_key="quest_BasicSurvival16_subtitle" description_key="quest_BasicSurvival16_description" icon="ui_game_symbol_fork" category_key="quest">
		<objective type="Craft" id="fruitServing" value="5" />
        <objective type="Craft" id="grainServing" value="5" />
        <objective type="Craft" id="veggieServing" value="5" />
        <objective type="Craft" id="proteinServing" value="5" />
		<reward type="Exp" value="400" />
        <reward type="Quest" id="Cooking2" />
	</quest>
    <quest id="Cooking2" group_name_key="Cooking" name_key="Learning to Cook" subtitle_key="Learning to cook" description_key="Staying alive means staying healthy and staying healthy starts with eating a healthy diet. Build a Food Prep Table to more efficiently break down food. You can also store your food serving and cook more nutritious meals on it." icon="ui_game_symbol_armor_leather" category_key="quest">
		<objective type="Craft" id="prepTable" value="1" />
		<reward type="Exp" value="400" />
        <reward type="SkillPoints" value="1" />
	</quest>
    <!-- Basic Survival 17 - Craft a Torch /> -->
	<quest id="quest_BasicSurvival17" group_name_key="quest_BasicSurvival" name_key="quest_BasicSurvival17" subtitle_key="quest_BasicSurvival17_subtitle" description_key="quest_BasicSurvival17_description" icon="ui_game_symbol_lightbulb" category_key="quest">
		<objective type="FetchKeep" id="woodBranch" value="2" />
		<objective type="FetchKeep" id="coal" value="5" />
		<objective type="Craft" id="torch" value="1" />
		<reward type="Exp" value="400" />
	</quest>
	<!-- Basic Survival 18 - Craft a Splint /> -->
	<quest id="quest_BasicSurvival18" group_name_key="quest_BasicSurvival" name_key="quest_BasicSurvival18" subtitle_key="quest_BasicSurvival18_subtitle" description_key="quest_BasicSurvival18_description" icon="ui_game_symbol_splint" category_key="quest">
		<objective type="FetchKeep" id="cloth" value="2" />
		<objective type="FetchKeep" id="stick" value="2" />
		<objective type="Craft" id="splint" value="1" />
		<reward type="Exp" value="400" />
	</quest>
	<!-- Basic Survival 19 - Craft and place Spikes /> -->
	<quest id="quest_BasicSurvival19" group_name_key="quest_BasicSurvival" name_key="quest_BasicSurvival19" subtitle_key="quest_BasicSurvival19_subtitle" description_key="quest_BasicSurvival19_description" icon="ui_game_symbol_weapon_smithing" category_key="quest">
		<objective type="FetchKeep" id="stick" value="200" />
		<objective type="Craft" id="setUpASpikeTrap" value="10" />
		<objective type="BlockPlace" id="setUpASpikeTrap" value="10" />
		<objective type="BlockUpgrade" id="setUpASpikeTrap" value="10" />
		<reward type="Exp" value="400" />
		<reward type="SkillPoints" value="1" />
	</quest>
	<!-- Basic Survival 20 - Craft Hay Bales /> -->
	<quest id="quest_BasicSurvival20" group_name_key="quest_BasicSurvival" name_key="quest_BasicSurvival20" subtitle_key="quest_BasicSurvival20_subtitle" description_key="quest_BasicSurvival20_description" icon="ui_game_symbol_map_house" category_key="quest">
		<objective type="FetchKeep" id="plantFibers" value="40" />
		<objective type="Craft" id="hayBaleBlock" value="4" />
		<reward type="Exp" value="400" />
	</quest>
	<!-- Basic Survival 33 - Cure and Dry Leather /> -->
	<quest id="quest_BasicSurvival33" group_name_key="quest_BasicSurvival" name_key="quest_BasicSurvival21" subtitle_key="quest_BasicSurvival21_subtitle" description_key="quest_BasicSurvival21_description" icon="ui_game_symbol_armor_leather" category_key="quest">
		<objective type="FetchKeep" id="animalHide" value="4" />
		<objective type="FetchKeep" id="brainMatter" value="4" />
		<objective type="FetchKeep" id="coal" value="4" />
		<objective type="FetchKeep" id="curedLeather" value="4" />
		<objective type="FetchKeep" id="stick" value="10" />
		<objective type="Craft" id="dryingRack" value="1" />
		<objective type="BlockPlace" id="dryingRack" value="1" />
		<objective type="FetchKeep" id="leather" value="4" />
		<reward type="Exp" value="400" />
		<reward type="SkillPoints" value="1" />
	</quest>
    <!-- Basic Survival 34 - Craft Storage Containers /> -->
	<quest id="quest_BasicSurvival34" group_name_key="quest_BasicSurvival" name_key="Looted Storage" subtitle_key="Looted Storage" description_key="Having a place to stash your supplies is a must but if you don't have the materials or smarts to craft one you can always pick one up. Destroying Backpacks, Sports Bags, Purses and Trash bags will let you pick them up and replace them for easy storage. Grab a few to use for latter." icon="ui_game_symbol_map_house" category_key="quest">
		<objective type="FetchKeep" id="cntDuffle01" value="1" />
        <objective type="FetchKeep" id="cntPurse01" value="1" />
        <objective type="FetchKeep" id="cntTrashPile02" value="2" />
		<reward type="Exp" value="400" />
	</quest>
    <!-- Basic Survival 35 - Storage Sacks /> -->
	<quest id="quest_BasicSurvival35" group_name_key="quest_BasicSurvival" name_key="Crafted Storage" subtitle_key="Crafted Storage" description_key="You will need a lot of things to survive in True Survival and you will need somewhere to keep them. Before you can learn more complex secure storage containers Storage Sacks will be all you can craft. Craft one to stash your supplies in." icon="ui_game_symbol_map_house" category_key="quest">
		<objective type="Craft" id="storageSack" value="1" />
		<reward type="Exp" value="400" />
	</quest>
    <!-- Basic Survival 21 - Craft and use craftedRevolver /> -->
    <quest id="quest_BasicSurvival21" group_name_key="quest_BasicSurvival" name_key="Surviving with a crafted Revolver" subtitle_key="Crafted Revolver" description_key="In True Survival Firearms are hard to come by, especially in early game. To help you survive you can hand craft your first set of firearms. Get started by crafting a crafted Revolver and killing some zombies." icon="ui_game_symbol_CraftedRevolver" category_key="quest">
        <objective type="Craft" id="craftedRevolverStock" value="1" />
        <objective type="Craft" id="craftedRevolverBarrel" value="1" />
        <objective type="Craft" id="revolver_cylinder" value="1" />
        <objective type="Craft" id="revolver_parts" value="1" />
        <objective type="FetchKeep" id="craftedRevolver" value="1" />
        <reward type="Quest" id="quest_BasicSurvival21b" stage="aftercomplete" />
    </quest>    
    <quest id="quest_BasicSurvival21b" group_name_key="quest_BasicSurvival" name_key="Surviving with a crafted Revolver" subtitle_key="Crafted Revolver" description_key="In True Survival Firearms are hard to come by, especially in early game. To help you survive you can hand craft your first set of firearms. Get started by crafting a crafted Revolver and killing some zombies." icon="ui_game_symbol_CraftedRevolver" category_key="quest">        
        <objective type="ZombieKill" value="3" />
        <requirement type="Holding" id="craftedRevolver" />
        <reward type="Exp" value="400" />
        <reward type="SkillPoints" value="1" />
    </quest>
    <!-- Basic Survival 22 - Craft and use Blunderbuss /> -->
    <quest id="quest_BasicSurvival22" group_name_key="quest_BasicSurvival" name_key="Surviving with a blunderbuss" subtitle_key="blunderbuss" description_key="In True Survival Firearms are hard to come by, especially in early game. To help you survive you can hand craft your first set of firearms. Get started by crafting a blunderbuss and killing some zombies." icon="ui_game_symbol_blunderbuss" category_key="quest">
        <objective type="Craft" id="blunderbuss" value="1" />
        <objective type="Craft" id="blunderbussAmmo" value="5" />
        <reward type="Quest" id="quest_BasicSurvival22b" stage="aftercomplete" />
    </quest>
    <quest id="quest_BasicSurvival22b" group_name_key="quest_BasicSurvival" name_key="Surviving with a blunderbuss" subtitle_key="blunderbuss" description_key="In True Survival Firearms are hard to come by, especially in early game. To help you survive you can hand craft your first set of firearms. Get started by crafting a blunderbuss and killing some zombies." icon="ui_game_symbol_blunderbuss" category_key="quest">
        <objective type="ZombieKill" value="3" />
        <requirement type="Holding" id="blunderbuss" />
        <reward type="Exp" value="400" />
        <reward type="SkillPoints" value="1" />
    </quest>    
    <!-- Basic Survival 23 - Craft and use craftedRifle /> -->
    <quest id="quest_BasicSurvival23" group_name_key="quest_BasicSurvival" name_key="Surviving with a craftedRifle" subtitle_key="Surviving with a crafted Rifle" description_key="In True Survival Firearms are hard to come by, especially in early game. To help you survive you can hand craft your first set of firearms. Get started by crafting a crafted Rifle and killing some zombies." icon="ui_game_symbol_craftedRifle" category_key="quest">
        <objective type="Craft" id="craftedRifle_stock" value="1" />
        <objective type="Craft" id="craftedRifle_receiver" value="1" />
        <objective type="Craft" id="craftedRifleBarrel" value="1" />
        <objective type="Craft" id="revolver_parts" value="1" />
        <objective type="FetchKeep" id="craftedRifle" value="1" />
        <reward type="Quest" id="quest_BasicSurvival23b" stage="aftercomplete" />
    </quest>
    <quest id="quest_BasicSurvival23b" group_name_key="quest_BasicSurvival" name_key="Surviving with a craftedRifle" subtitle_key="Surviving with a crafted Rifle" description_key="In True Survival Firearms are hard to come by, especially in early game. To help you survive you can hand craft your first set of firearms. Get started by crafting a crafted Rifle and killing some zombies." icon="ui_game_symbol_craftedRifle" category_key="quest">
        <objective type="ZombieKill" value="3" />
        <requirement type="Holding" id="craftedRifle" />
        <reward type="Exp" value="400" />
        <reward type="SkillPoints" value="1" />
    </quest>
    <!-- Basic Survival 24 - Build Planks /> -->
	<quest id="quest_BasicSurvival24" group_name_key="quest_BasicSurvival" name_key="Early Barricades" subtitle_key="Please add text here to finish me" description_key="Before you learn to build frames it can be hard to barricade doors and windows. Craft these Planks and use them for early building and securing buildings." icon="ui_game_symbol_armor_leather" category_key="quest">
		<objective type="Craft" id="1x3Planks" value="1" />
		<objective type="Craft" id="2x5Planks" value="1" />
		<objective type="BlockPlace" id="1x3Planks" value="1" />
		<objective type="BlockPlace" id="2x5Planks" value="1" />
		<reward type="Exp" value="400" />
	</quest>
	<!-- Basic Survival 25 - Wood Building /> --> 
	<quest id="quest_BasicSurvival25" group_name_key="quest_BasicSurvival" name_key="Learning to build with wood" subtitle_key="Learning to build with wood" description_key="If you want to learn to build wood structures you're going to need the proper tools to do it. Craft or find a Claw Hammer to begin to learn this skill." icon="ui_game_symbol_armor_leather" category_key="quest">
		<objective type="FetchKeep" id="clawHammer" value="1" />
        <reward type="Exp" value="400" />
        <reward type="Quest" id="woodBuilding2" />
	</quest>
    <quest id="woodBuilding2" group_name_key="Wood Building" name_key="Learning to build with wood" subtitle_key="Learning to build with wood" description_key="Now that you have the right tool for the job all that's left to do is gather some supplies. Use the claw hammer to break down wooden blocks and retrieve the upgrade materials from them. Collect enough and you will learn the frames for rebuilding the blocks." icon="ui_game_symbol_armor_leather" category_key="quest">
		<objective type="FetchKeep" id="plank" value="500" />
		<reward type="Exp" value="400" />
        <reward type="Recipe" id="woodFrameBlock" />
        <reward type="Item" id="woodBuildingSkill" />
        <reward type="Quest" id="woodBuilding3" />
	</quest>
    <quest id="woodBuilding3" group_name_key="Wood Building" name_key="Learning to build with wood" subtitle_key="Learning to build with wood" description_key="Now that you have gotten used to taking the material apart try and build some frames yourself." icon="ui_game_symbol_armor_leather" category_key="quest">
		<objective type="Craft" id="woodFrameBlock" value="50" />
		<reward type="Exp" value="400" />
        <reward type="Recipe" id="woodFrameCNRFull" />
        <reward type="Recipe" id="woodFrameCNRInside" />
        <reward type="Recipe" id="woodFrameWedge" />
        <reward type="Recipe" id="woodFrameRamp" />
        <reward type="Recipe" id="woodStairs25" />
        <reward type="Recipe" id="woodPillar100" />
        <reward type="Recipe" id="woodPlate" />
        <reward type="Recipe" id="woodFrameWedgeIncline" />
        <reward type="Recipe" id="woodFrameWedgeTipCNRFullTop" />
        <reward type="Recipe" id="woodFrameWedgeTipCNRFullBottom" />
        <reward type="Recipe" id="woodFrameWedgeCNRInsideBottom" />
        <reward type="Recipe" id="woodFrameWedgeCNRInsideTop" />
        <reward type="Recipe" id="woodFrameStairs25CornerCNR" />
        <reward type="Recipe" id="woodCTRpole" />
        <reward type="Recipe" id="woodFrameCNRRampFiller" />
        <reward type="Recipe" id="woodFrameArch" />
        <reward type="Recipe" id="woodPole" />
        <reward type="Recipe" id="woodArrowSlitHalf" />
        <reward type="Recipe" id="woodCatwalk" />
        <reward type="Recipe" id="woodCatwalkRailing" />
        <reward type="Recipe" id="woodCatwalkRailingCNR" />
        <reward type="Recipe" id="woodRailing" />
        <reward type="Recipe" id="woodCatwalkWedgeRailing" />
        <reward type="Recipe" id="woodStairsBoard" />
        <reward type="Recipe" id="woodStairsBoardRailing" />
        <reward type="Recipe" id="woodSupport" />
        <reward type="Recipe" id="woodWedgeTip" />
        <reward type="Recipe" id="window03Wood" />
        <reward type="Item" id="woodBuildingSkill" />
        <reward type="Quest" id="woodBuilding4" />
	</quest>
    <quest id="woodBuilding4" group_name_key="Wood Building" name_key="Learning to build with wood" subtitle_key="Learning to build with wood" description_key="Now that you figured out how to build frames practice upgrading them to master the craft.." icon="ui_game_symbol_armor_leather" category_key="quest">
		<objective type="BlockUpgrade" id="woodFrameBlock" value="50" />
		<reward type="Recipe" id="nail" />
        <reward type="Recipe" id="plank" />
        <reward type="Exp" value="400" />
        <reward type="Item" id="woodBuildingSkill" />
	</quest>
	<!-- Basic Survival 26 - Cobblestone Building /> -->
	<quest id="quest_BasicSurvival26" group_name_key="quest_BasicSurvival" name_key="Learning to build with cobblestone" subtitle_key="Learning to build with cobblestone" description_key="If you want to learn to build cobblestone structures you're going to need the proper tools to do it. Craft or find a cobblestone Hammer to begin to learn this skill." icon="ui_game_symbol_armor_leather" category_key="quest">
		<objective type="FetchKeep" id="cobblestoneHammer" value="1" />
		<reward type="Exp" value="400" />
        <reward type="Quest" id="cobblestoneBuilding2" />
	</quest>
    <quest id="cobblestoneBuilding2" group_name_key="Cobblestone Building" name_key="Learning to build with cobblestone" subtitle_key="Learning to build with cobblestone" description_key="Now that you have the right tool for the job all that's left to do is gather some supplies. Use the cobblestone hammer to break down cobblestone blocks and retrieve the upgrade materials from them. Collect enough and you will learn the frames for rebuilding the blocks." icon="ui_game_symbol_armor_leather" category_key="quest">
		<objective type="FetchKeep" id="cobblestones" value="500" />
		<reward type="Exp" value="400" />
		<reward type="Recipe" id="cobblestoneFrameBlock" />
        <reward type="Item" id="cobblestoneBuildingSkill" />
		<reward type="Quest" id="cobblestoneBuilding3" />
	</quest>
    <quest id="cobblestoneBuilding3" group_name_key="Cobblestone Building" name_key="Learning to build with cobblestone" subtitle_key="Learning to build with cobblestone" description_key="Now that you have gotten used to taking the material apart try and build some frames yourself." icon="ui_game_symbol_armor_leather" category_key="quest">
		<objective type="Craft" id="cobblestoneFrameBlock" value="50" />
		<reward type="Recipe" id="cobblestoneFrameRamp" />
        <reward type="Recipe" id="cobblestoneFrameStairs25" />
        <reward type="Recipe" id="cobblestoneArrowSlitHalf" />
        <reward type="Recipe" id="cobblestoneFrameWedge" />
        <reward type="Recipe" id="cobblestoneFrameWedgeTip" />
        <reward type="Recipe" id="cobblestoneFramePlate" />
        <reward type="Recipe" id="cobblestoneFrameCNRFull" />
        <reward type="Recipe" id="cobblestoneFrameCNRInside" />
        <reward type="Recipe" id="cobblestoneFramePillar100" />
        <reward type="Recipe" id="cobblestoneFramePillar50" />
        <reward type="Recipe" id="cobblestoneFramePole" />
        <reward type="Exp" value="400" />
        <reward type="Item" id="cobblestoneBuildingSkill" />
        <reward type="Quest" id="cobblestoneBuilding4" />
	</quest>
    <quest id="cobblestoneBuilding4" group_name_key="Cobblestone Building" name_key="Learning to build with cobblestone" subtitle_key="Learning to build with cobblestone" description_key="Now that you figured out how to build frames practice upgrading them to master the craft.." icon="ui_game_symbol_armor_leather" category_key="quest">
		<objective type="BlockUpgrade" id="cobblestoneFrameBlock" value="50" />
		<reward type="Recipe" id="cobblestones" />
        <reward type="Exp" value="400" />
        <reward type="Item" id="cobblestoneBuildingSkill" />
	</quest>
	<!-- Basic Survival 27 - Brick Building /> -->
	<quest id="quest_BasicSurvival27" group_name_key="quest_BasicSurvival" name_key="Learning to build with brick" subtitle_key="Learning to build with brick" description_key="If you want to learn to build brick structures you're going to need the proper tools to do it. Craft or find a brick Hammer to begin to learn this skill." icon="ui_game_symbol_armor_leather" category_key="quest">
		<objective type="FetchKeep" id="brickHammer" value="1" />
		<reward type="Exp" value="400" />
        <reward type="Quest" id="brickBuilding2" />
	</quest>
    <quest id="brickBuilding2" group_name_key="Brick Building" name_key="Learning to build with brick" subtitle_key="Learning to build with brick" description_key="Now that you have the right tool for the job all that's left to do is gather some supplies. Use the brick hammer to break down brick blocks and retrieve the upgrade materials from them. Collect enough and you will learn the frames for rebuilding the blocks." icon="ui_game_symbol_armor_leather" category_key="quest">
		<objective type="FetchKeep" id="bricks" value="500" />
		<reward type="Exp" value="400" />
		<reward type="Recipe" id="brickFrameBlock" />
        <reward type="Item" id="brickBuildingSkill" />
        <reward type="Quest" id="brickBuilding3" />
	</quest>
    <quest id="brickBuilding3" group_name_key="Brick Building" name_key="Learning to build with brick" subtitle_key="Learning to build with brick" description_key="Now that you have gotten used to taking the material apart try and build some frames yourself." icon="ui_game_symbol_armor_leather" category_key="quest">
		<objective type="Craft" id="brickFrameBlock" value="50" />
        <reward type="Recipe" id="brickFrameRamp"  />
		<reward type="Recipe" id="brickFrameStairs" />
		<reward type="Recipe" id="brickFrameStairs25" />
		<reward type="Recipe" id="brickFrameWedge" />
		<reward type="Recipe" id="brickFrameWedgeTip" />
		<reward type="Recipe" id="brickFramePlate" />
		<reward type="Recipe" id="brickFrameCNRFull" />
		<reward type="Recipe" id="brickFrameCNRInside" />
		<reward type="Recipe" id="brickFramePillar100" />
		<reward type="Recipe" id="brickFramePillar50" />
		<reward type="Recipe" id="brickFramePole" />
        <reward type="Recipe" id="playerBrickArrowSlitHalf" />
		<reward type="Exp" value="400" />
        <reward type="Item" id="brickBuildingSkill" />
        <reward type="Quest" id="brickBuilding4" />
	</quest>
    <quest id="brickBuilding4" group_name_key="Brick Building" name_key="Learning to build with brick" subtitle_key="Learning to build with brick" description_key="Now that you figured out how to build frames practice upgrading them to master the craft.." icon="ui_game_symbol_armor_leather" category_key="quest">
		<objective type="BlockUpgrade" id="brickFrameBlock" value="50" />
		<reward type="Recipe" id="bricks" />
        <reward type="Exp" value="400" />
        <reward type="Item" id="brickBuildingSkill" />
    </quest>
	<!-- Basic Survival 28 - Concrete Building /> -->
	<quest id="quest_BasicSurvival28" group_name_key="quest_BasicSurvival" name_key="Learning to build with Concrete" subtitle_key="Learning to build with Concrete" description_key="If you want to learn to build Concrete structures you're going to need the proper tools to do it. Craft or find a Concrete Sledge to begin to learn this skill." icon="ui_game_symbol_armor_leather" category_key="quest">
		<objective type="FetchKeep" id="concreteSledge" value="1" />
		<reward type="Exp" value="400" />
        <reward type="Quest" id="concreteBuilding2" />
	</quest>
    <quest id="concreteBuilding2" group_name_key="Concrete Building" name_key="Learning to build with Concrete" subtitle_key="Learning to build with Concrete" description_key="Now that you have the right tool for the job all that's left to do is gather some supplies. Use the Concrete sledge to break down Concrete blocks and retrieve the upgrade materials from them. Collect enough and you will learn the frames for rebuilding the blocks." icon="ui_game_symbol_armor_leather" category_key="quest">
		<objective type="FetchKeep" id="cementMix" value="500" />
        <reward type="Recipe" id="cementFormBlock" />
		<reward type="Exp" value="400" />
		<reward type="Item" id="concreteBuildingSkill" />
        <reward type="Quest" id="concreteBuilding3" />
    </quest>
    <quest id="concreteBuilding3" group_name_key="Concrete Building" name_key="Learning to build with Concrete" subtitle_key="Learning to build with Concrete" description_key="Now that you have gotten used to taking the material apart try and build some frames yourself." icon="ui_game_symbol_armor_leather" category_key="quest">
		<objective type="Craft" id="cementFormBlock" value="50" />
        <reward type="Recipe" id="cementFormRamp"  />
        <reward type="Recipe" id="cementFormStairs25CornerCNR" />
		<reward type="Recipe" id="cementFormStairs25" />
		<reward type="Recipe" id="concreteArrowSlitHalf" />
		<reward type="Recipe" id="cementFormWedge" />
		<reward type="Recipe" id="cementFormWedgeTip" />
		<reward type="Recipe" id="cementFormPlate" />
		<reward type="Recipe" id="cementFormCNRFull" />
		<reward type="Recipe" id="cementFormCNRInside" />
		<reward type="Recipe" id="cementFormPillar100" />
		<reward type="Recipe" id="cementFormPillar50" />
		<reward type="Recipe" id="cementFormPole" />
        <reward type="Recipe" id="cementFormWedgeCNRInsideBottom" />
		<reward type="Recipe" id="cementFormArch" />
        <reward type="Recipe" id="cementFormCNRRampFiller" />
        <reward type="Recipe" id="cementFormWedgeTipCNRFullTop" />
      	<reward type="Exp" value="400" />
        <reward type="Item" id="concreteBuildingSkill" />
        <reward type="Quest" id="concreteBuilding4" />
	</quest>
    <quest id="concreteBuilding4" group_name_key="Concrete Building" name_key="Learning to build with Concrete" subtitle_key="Learning to build with Concrete" description_key="Now that you figured out how to build frames practice upgrading them to master the craft.." icon="ui_game_symbol_armor_leather" category_key="quest">
		<objective type="BlockUpgrade" id="cementFormBlock" value="50" />
		<reward type="Recipe" id="cement" />
        <reward type="Recipe" id="cementMix" />
        <reward type="Exp" value="400" />
        <reward type="Item" id="concreteBuildingSkill" />
	</quest>
	<!-- Basic Survival 29 - rConcrete Building /> -->
	<quest id="quest_BasicSurvival29" group_name_key="quest_BasicSurvival" name_key="Learning to build with Reinforced Concrete" subtitle_key="Learning to build with Reinforced Concrete" description_key="If you want to learn to build Reinforced Concrete structures you're going to need the proper tools to do it. Craft or find a Reinforced Concrete Bar to begin to learn this skill." icon="ui_game_symbol_armor_leather" category_key="quest">
		<objective type="FetchKeep" id="rConcreteBar" value="1" />
		<reward type="Exp" value="400" />
        <reward type="Quest" id="rConcreteBuilding2" />
	</quest>
    <quest id="rConcreteBuilding2" group_name_key="Reinforced Concrete Building" name_key="Learning to build with Reinforced Concrete" subtitle_key="Learning to build with Reinforced Concrete" description_key="Now that you have the right tool for the job all that's left to do is gather some supplies. Use the Reinforced Concrete bar to break down Reinforced Concrete blocks and retrieve the upgrade materials from them. Collect enough and you will learn the frames for rebuilding the blocks." icon="ui_game_symbol_armor_leather" category_key="quest">
		<objective type="FetchKeep" id="concreteMix" value="500" />
        <reward type="Recipe" id="rebarFrameBlock" />
		<reward type="Exp" value="400" />
		<reward type="Item" id="rConcreteBuildingSkill" />
        <reward type="Quest" id="rConcreteBuilding3" />
	</quest>
    <quest id="rConcreteBuilding3" group_name_key="Reinforced Concrete Building" name_key="Learning to build with Reinforced Concrete" subtitle_key="Learning to build with Reinforced Concrete" description_key="Now that you have gotten used to taking the material apart try and build some frames yourself." icon="ui_game_symbol_armor_leather" category_key="quest">
		<objective type="Craft" id="rebarFrameBlock" value="50" />
		<reward type="Recipe" id="rebarFrameRamp"  />
		<reward type="Recipe" id="rebarStairs25"  />
		<reward type="Recipe" id="rebarFrameWedge"  />
		<reward type="Recipe" id="rebarFrameWedgeTip"  />
		<reward type="Recipe" id="rebarFramePlate"  />
		<reward type="Recipe" id="rebarFrameCNRFull"  />
		<reward type="Recipe" id="rebarFrameCNRInside"  />
		<reward type="Recipe" id="rebarFramePillar100"  />
		<reward type="Recipe" id="rebarFramePillar50"  />
		<reward type="Recipe" id="rebarFramePole"  />
        <reward type="Recipe" id="rebarFrameCNRRamp"  />
        <reward type="Recipe" id="rebarFrameWedgeTipCNRFullTop"  />
        <reward type="Recipe" id="rebarFrameCNRRampFiller"  />
        <reward type="Recipe" id="rebarFrameStairs25CornerCNR"  />
        <reward type="Recipe" id="rebarFrameArch"  />
        <reward type="Recipe" id="rebarFrameWedgeIncline"  />
        <reward type="Recipe" id="rebarFrameWedgeCNRInsideBottom"  />
        <reward type="Exp" value="400" />
        <reward type="Item" id="rConcreteBuildingSkill" />
        <reward type="Quest" id="rConcreteBuilding4" />
	</quest>
    <quest id="rConcreteBuilding4" group_name_key="Reinforced Concrete Building" name_key="Learning to build with Reinforced Concrete" subtitle_key="Learning to build with Reinforced Concrete" description_key="Now that you figured out how to build frames practice upgrading them to master the craft.." icon="ui_game_symbol_armor_leather" category_key="quest">
		<objective type="BlockUpgrade" id="rebarFrameBlock" value="50" />
		<reward type="Recipe" id="cement"  />
        <reward type="Recipe" id="concreteMix"  />
        <reward type="Exp" value="400" />
        <reward type="Item" id="rConcreteBuildingSkill" />
	</quest>
	<!-- Basic Survival 30 - Iron Building /> -->
	<quest id="quest_BasicSurvival30" group_name_key="quest_BasicSurvival" name_key="Learning to build with iron" subtitle_key="Learning to build with iron" description_key="If you want to learn to build iron structures you're going to need the proper tools to do it. Craft or find a wrench to begin to learn this skill." icon="ui_game_symbol_armor_leather" category_key="quest">
		<objective type="FetchKeep" id="wrench" value="1" />
		<reward type="Exp" value="400" />
        <reward type="Quest" id="scrapIronBuilding2" />
	</quest>
    <quest id="scrapIronBuilding2" group_name_key="Iron Building" name_key="Learning to build with iron" subtitle_key="Learning to build with iron" description_key="Now that you have the right tool for the job all that's left to do is gather some Scrap Iron Sheets. Use the wrench to break down iron blocks and retrieve the Scrap Iron Sheet from them. Collect enough and you will learn the frames for rebuilding the blocks." icon="ui_game_symbol_armor_leather" category_key="quest">
		<objective type="FetchKeep" id="corrugatedMetalSheet" value="500" />
		<reward type="Recipe" id="scrapIronFrameBlock"  />
        <reward type="Exp" value="400" />
		<reward type="Item" id="scrapIronBuildingSkill" />
        <reward type="Quest" id="scrapIronBuilding3" />
	</quest>
    <quest id="scrapIronBuilding3" group_name_key="Iron Building" name_key="Learning to build with iron" subtitle_key="Learning to build with iron" description_key="Now that you have gotten used to taking the material apart try and build some frames yourself." icon="ui_game_symbol_armor_leather" category_key="quest">
		<objective type="Craft" id="scrapIronFrameBlock" value="50" />
		<reward type="Recipe" id="scrapIronFrameRamp" />
		<reward type="Recipe" id="scrapIronStairs25" />
		<reward type="Recipe" id="scrapIronArrowSlitHalf" />
		<reward type="Recipe" id="scrapIronFrameWedge" />
		<reward type="Recipe" id="scrapIronFrameWedgeTip" />
		<reward type="Recipe" id="scrapIronFramePlate" />
		<reward type="Recipe" id="scrapIronFrameCNRFull" />
		<reward type="Recipe" id="scrapIronFrameCNRInside" />
		<reward type="Recipe" id="scrapIronFramePillar100" />
		<reward type="Recipe" id="scrapIronFramePillar50" />
		<reward type="Recipe" id="scrapIronFramePole" />
		<reward type="Recipe" id="rScrapIronPlate" />
        <reward type="Recipe" id="scrapIronFrameWedgeIncline" />
        <reward type="Recipe" id="scrapIronFrameWedgeTipCNRFullTop" />
        <reward type="Recipe" id="scrapIronFrameWedgeTipCNRFullBottom" />
        <reward type="Recipe" id="scrapIronFrameWedgeCNRInsideBottom" />
        <reward type="Recipe" id="scrapIronFrameWedgeCNRInsideTop" />
        <reward type="Recipe" id="scrapIronFrameStairs25CornerCNR" />
        <reward type="Recipe" id="scrapIronCTRpole" />
        <reward type="Recipe" id="scrapIronFrameCNRRampFiller" />
        <reward type="Recipe" id="scrapIronFrameArch" />
        <reward type="Exp" value="400" />
        <reward type="Item" id="scrapIronBuildingSkill" />
        <reward type="Quest" id="scrapIronBuilding4" />
	</quest>
    <quest id="scrapIronBuilding4" group_name_key="Iron Building" name_key="Learning to build with iron" subtitle_key="Learning to build with iron" description_key="Now that you figured out how to build frames practice upgrading them to master the craft.." icon="ui_game_symbol_armor_leather" category_key="quest">
		<objective type="BlockUpgrade" id="scrapIronFrameBlock" value="50" />
		<reward type="Recipe" id="nutAndBolt" />
        <reward type="Recipe" id="corrugatedMetalSheet" />
        <reward type="Exp" value="400" />
        <reward type="Item" id="scrapIronBuildingSkill" />
	</quest>
	<!-- Basic Survival 31 - Steel Building /> -->
	<quest id="quest_BasicSurvival31" group_name_key="quest_BasicSurvival" name_key="Learning to build with steel" subtitle_key="Learning to build with steel" description_key="If you want to learn to build steel structures you're going to need the proper tools to do it. Craft or find a welder tool to begin to learn this skill." icon="ui_game_symbol_armor_leather" category_key="quest">
		<objective type="FetchKeep" id="welderTool" value="1" />
		<reward type="Exp" value="400" />
        <reward type="Quest" id="steelBuilding2" />
	</quest>
    <quest id="steelBuilding2" group_name_key="Steel Building" name_key="Learning to build with steel" subtitle_key="Learning to build with steel" description_key="Now that you have the right tool for the job all that's left to do is gather some Scrap Steel Sheet. Use the welder tool to break down steel blocks and retrieve the Scrap Steel Sheet from them. Collect enough and you will learn the frames for rebuilding the blocks." icon="ui_game_symbol_armor_leather" category_key="quest">
		<objective type="FetchKeep" id="metalRivetSheet" value="500" />
		<reward type="Recipe" id="forgedFrame" />
        <reward type="Exp" value="400" />
		<reward type="Item" id="steelBuildingSkill" />
        <reward type="Quest" id="steelBuilding3" />
	</quest>
    <quest id="steelBuilding3" group_name_key="Steel Building" name_key="Learning to build with steel" subtitle_key="Learning to build with steel" description_key="Now that you have gotten used to taking the material apart try and build some frames yourself." icon="ui_game_symbol_armor_leather" category_key="quest">
		<objective type="Craft" id="forgedFrame" value="50" />
		<reward type="Recipe" id="forgedFrameRamp" />
		<reward type="Recipe" id="forgedStairs25" />
		<reward type="Recipe" id="forgedArrowSlitHalf" />
		<reward type="Recipe" id="forgedFrameWedge" />
		<reward type="Recipe" id="forgedFrameWedgeTip" />
		<reward type="Recipe" id="forgedFramePlate" />
		<reward type="Recipe" id="forgedFrameCNRFull" />
		<reward type="Recipe" id="forgedFrameCNRInside" />
		<reward type="Recipe" id="forgedFramePillar100" />
		<reward type="Recipe" id="forgedFramePillar50" />
		<reward type="Recipe" id="forgedFramePole" />
		<reward type="Recipe" id="forgedIronPlate" />
		<reward type="Recipe" id="forgedIronSheet" />
        <reward type="Exp" value="400" />
        <reward type="Item" id="steelBuildingSkill" />
        <reward type="Quest" id="steelBuilding4" />
	</quest>
    <quest id="steelBuilding4" group_name_key="Steel Building" name_key="Learning to build with steel" subtitle_key="Learning to build with steel" description_key="Now that you figured out how to build frames practice upgrading them to master the craft.." icon="ui_game_symbol_armor_leather" category_key="quest">
		<objective type="BlockUpgrade" id="forgedFrame" value="50" />
		<reward type="Recipe" id="metalRivetSheet" />
        <reward type="Exp" value="400" />
        <reward type="Item" id="steelBuildingSkill" />
	</quest>
	<!-- Basic Survival 32 - Farming Chain Starter /> -->
	<quest id="quest_BasicSurvival32" group_name_key="Becoming a Farmer" name_key="Learning To Farm" subtitle_key="Growing trees" description_key="You can't live off moldy Twinkies forever and sooner or later all the food in the world will spoil so you better know how to grow your own by then. Let's start off with something easy. Collect these tree seeds and plant them to begin your Farming quest chain.When you complete these quest you will receive a Farmer's Almanac that when read will unlock the next Farming perk. Be sure to have inventory room when completing and read the book immediately." icon="ui_game_symbol_farming" category_key="quest">
		<objective type="BlockPlace" id="treePlantedMountainPine1m" value="10" />
		<objective type="BlockPlace" id="treePlantedMaple1m" value="10" />
		<objective type="BlockPlace" id="treePlantedWinterPine1m" value="10" />
		<reward type="Recipe" id="hoeIron" />
        <reward type="Item" id="farmersAlmanac" />
		<reward type="Exp" value="400" />
		<reward type="Quest" id="quest_Farming1" />
	</quest>
	<!-- Farming Quest Chain -->
	<quest id="quest_Farming1" group_name_key="Becoming a Farmer" name_key="Becoming a Farmer" subtitle_key="Learning To Farm" description_key="You can't be a farmer without a hoe so get one made. When you complete these quest you will receive a Farmer's Almanac that when read will unlock the next Farming perk. Be sure to have inventory room when completing and read the book immediately." icon="ui_game_symbol_farming" category_key="quest">
		<objective type="Craft" id="hoeIron" value="1" />
        <reward type="Recipe" id="plantedCotton1" />
		<reward type="Item" id="farmersAlmanac" />
		<reward type="Quest" id="quest_Farming2" />
		<reward type="Exp" value="400" />
	</quest>
	<quest id="quest_Farming2" group_name_key="Becoming a Farmer" name_key="Growing Cotton" subtitle_key="Growing Cotton" description_key="Now craft and plant some Cotton Seeds. When you complete these quest you will receive a Farmer's Almanac that when read will unlock the next Farming perk. Be sure to have inventory room when completing and read the book immediately." icon="ui_game_symbol_farming" category_key="quest">
		<objective type="Craft" id="plantedCotton1" value="50" />
		<objective type="BlockPlace" id="plantedCotton1" value="50" />
		<reward type="Recipe" id="plantedPotato1" />
        <reward type="Item" id="farmersAlmanac" />
		<reward type="Exp" value="400" />
		<reward type="Quest" id="quest_Farming3" />
	</quest>
	<quest id="quest_Farming3" group_name_key="Becoming a Farmer" name_key="Growing Potatos" subtitle_key="Growing Potatos" description_key="Now craft and plant some Potato Seeds. When you complete these quest you will receive a Farmer's Almanac that when read will unlock the next Farming perk. Be sure to have inventory room when completing and read the book immediately." icon="ui_game_symbol_farming" category_key="quest">
		<objective type="Craft" id="plantedPotato1" value="50" />
		<objective type="BlockPlace" id="plantedPotato1" value="50" />
		<reward type="Recipe" id="plantedGoldenrod1" />
        <reward type="Item" id="farmersAlmanac" />
		<reward type="Exp" value="400" />
		<reward type="Quest" id="quest_Farming4" />
	</quest>
	<quest id="quest_Farming4" group_name_key="Becoming a Farmer" name_key="Growing Goldenrod" subtitle_key="Growing Goldenrod" description_key="Now craft and plant some Goldenrod Seeds. When you complete these quest you will receive a Farmer's Almanac that when read will unlock the next Farming perk. Be sure to have inventory room when completing and read the book immediately." icon="ui_game_symbol_farming" category_key="quest">
		<objective type="Craft" id="plantedGoldenrod1" value="100" />
		<objective type="BlockPlace" id="plantedGoldenrod1" value="100" />
		<reward type="Recipe" id="plantedCorn1" />
        <reward type="Item" id="farmersAlmanac" />
		<reward type="Exp" value="400" />
		<reward type="Quest" id="quest_Farming5" />
	</quest>
	<quest id="quest_Farming5" group_name_key="Becoming a Farmer" name_key="Growing Corn" subtitle_key="Growing Corn" description_key="Now craft and plant some Corn Seeds. When you complete these quest you will receive a Farmer's Almanac that when read will unlock the next Farming perk. Be sure to have inventory room when completing and read the book immediately." icon="ui_game_symbol_farming" category_key="quest">
		<objective type="Craft" id="plantedCorn1" value="100" />
		<objective type="BlockPlace" id="plantedCorn1" value="100" />
		<reward type="Recipe" id="plantedChrysanthemum1" />
        <reward type="Item" id="farmersAlmanac" />
		<reward type="Exp" value="400" />
		<reward type="Quest" id="quest_Farming6" />
	</quest>
	<quest id="quest_Farming6" group_name_key="Becoming a Farmer" name_key="Growing Chrysanthemum" subtitle_key="Growing Chrysanthemum" description_key="Now craft and plant some Chrysanthemum Seeds. When you complete these quest you will receive a Farmer's Almanac that when read will unlock the next Farming perk. Be sure to have inventory room when completing and read the book immediately." icon="ui_game_symbol_farming" category_key="quest">
		<objective type="Craft" id="plantedChrysanthemum1" value="100" />
		<objective type="BlockPlace" id="plantedChrysanthemum1" value="100" />
		<reward type="Recipe" id="carrotSeed" />
        <reward type="Item" id="farmersAlmanac" />
		<reward type="Exp" value="400" />
		<reward type="Quest" id="quest_Farming7" />
	</quest>
	<quest id="quest_Farming7" group_name_key="Becoming a Farmer" name_key="Growing carrot" subtitle_key="Growing carrot" description_key="Now craft and plant some carrot Seeds. When you complete these quest you will receive a Farmer's Almanac that when read will unlock the next Farming perk. Be sure to have inventory room when completing and read the book immediately." icon="ui_game_symbol_farming" category_key="quest">
		<objective type="Craft" id="carrotSeed" value="100" />
		<objective type="BlockPlace" id="carrotSeed" value="100" />
		<reward type="Recipe" id="wheatSeed" />
        <reward type="Item" id="farmersAlmanac" />
		<reward type="Exp" value="400" />
		<reward type="Quest" id="quest_Farming8" />
	</quest>
	<quest id="quest_Farming8" group_name_key="Becoming a Farmer" name_key="Growing wheat" subtitle_key="Growing wheat" description_key="Now craft and plant some wheat Seeds. When you complete these quest you will receive a Farmer's Almanac that when read will unlock the next Farming perk. Be sure to have inventory room when completing and read the book immediately." icon="ui_game_symbol_farming" category_key="quest">
		<objective type="Craft" id="wheatSeed" value="100" />
		<objective type="BlockPlace" id="wheatSeed" value="100" />
		<reward type="Recipe" id="appleSeed" />
        <reward type="Item" id="farmersAlmanac" />
		<reward type="Exp" value="400" />
		<reward type="Quest" id="quest_Farming9" />
	</quest>
	<quest id="quest_Farming9" group_name_key="Becoming a Farmer" name_key="Growing apples" subtitle_key="Growing apples" description_key="Now craft and plant some apple Seeds. When you complete these quest you will receive a Farmer's Almanac that when read will unlock the next Farming perk. Be sure to have inventory room when completing and read the book immediately." icon="ui_game_symbol_farming" category_key="quest">
		<objective type="Craft" id="appleSeed" value="100" />
		<objective type="BlockPlace" id="appleSeed" value="100" />
		<reward type="Recipe" id="plantedMushroom1" />
        <reward type="Item" id="farmersAlmanac" />
		<reward type="Exp" value="400" />
		<reward type="Quest" id="quest_Farming10" />
	</quest>
	<quest id="quest_Farming10" group_name_key="Becoming a Farmer" name_key="Growing Mushroom" subtitle_key="Growing Mushroom" description_key="Now craft and plant some Mushroom Seeds. When you complete these quest you will receive a Farmer's Almanac that when read will unlock the next Farming perk. Be sure to have inventory room when completing and read the book immediately." icon="ui_game_symbol_farming" category_key="quest">
		<objective type="Craft" id="plantedMushroom1" value="100" />
		<objective type="BlockPlace" id="plantedMushroom1" value="100" />
		<reward type="Recipe" id="plantedBlueberry1" />
        <reward type="Item" id="farmersAlmanac" />
		<reward type="Exp" value="400" />
		<reward type="Quest" id="quest_Farming11" />
	</quest>
	<quest id="quest_Farming11" group_name_key="Becoming a Farmer" name_key="Growing Blueberry" subtitle_key="Growing Blueberry" description_key="Now craft and plant some Blueberry Seeds. When you complete these quest you will receive a Farmer's Almanac that when read will unlock the next Farming perk. Be sure to have inventory room when completing and read the book immediately." icon="ui_game_symbol_farming" category_key="quest">
		<objective type="Craft" id="plantedBlueberry1" value="100" />
		<objective type="BlockPlace" id="plantedBlueberry1" value="100" />
		<reward type="Recipe" id="plantedYucca1" />
        <reward type="Item" id="farmersAlmanac" />
		<reward type="Exp" value="400" />
		<reward type="Quest" id="quest_Farming12" />
	</quest>
	<quest id="quest_Farming12" group_name_key="Becoming a Farmer" name_key="Growing Yucca" subtitle_key="Growing Yucca" description_key="Now craft and plant some Yucca Seeds. When you complete these quest you will receive a Farmer's Almanac that when read will unlock the next Farming perk. Be sure to have inventory room when completing and read the book immediately." icon="ui_game_symbol_farming" category_key="quest">
		<objective type="Craft" id="plantedYucca1" value="100" />
		<objective type="BlockPlace" id="plantedYucca1" value="100" />
		<reward type="Recipe" id="plantedAloe1" />
        <reward type="Item" id="farmersAlmanac" />
		<reward type="Exp" value="400" />
		<reward type="Quest" id="quest_Farming13" />
	</quest>
	<quest id="quest_Farming13" group_name_key="Becoming a Farmer" name_key="Growing Aloe" subtitle_key="Growing Aloe" description_key="Now craft and plant some Aloe Seeds. When you complete these quest you will receive a Farmer's Almanac that when read will unlock the next Farming perk. Be sure to have inventory room when completing and read the book immediately." icon="ui_game_symbol_farming" category_key="quest">
		<objective type="Craft" id="plantedAloe1" value="100" />
		<objective type="BlockPlace" id="plantedAloe1" value="100" />
		<reward type="Recipe" id="fertilizer" />
        <reward type="Item" id="farmersAlmanac" />
		<reward type="Exp" value="400" />
		<reward type="Quest" id="quest_Farming14" />
	</quest>
	<quest id="quest_Farming14" group_name_key="Becoming a Farmer" name_key="Making fertilizer" subtitle_key="Making fertilizer" description_key="Any squirrel can plant a nut and grow a tree but it takes Farmer that can make fertilizer to increase crop yields. To finish off your farming quest chain create some fertilizer. When you complete these quest you will receive a Farmer's Almanac that when read will unlock the next Farming perk. Be sure to have inventory room when completing and read the book immediately." icon="ui_game_symbol_farming" category_key="quest">
		<objective type="Craft" id="fertilizer" value="250" />
		<reward type="Item" id="farmersAlmanac" />
		<reward type="Exp" value="400" />
        <reward type="SkillPoints" value="5" />
	</quest>
	<!-- CHALLENGES -->
	<quest id="challenge_silenceofthelambs" name_key="challenge_silenceofthelambs" subtitle_key="challenge_silenceofthelambs_subtitle" description_key="challenge_silenceofthelambs_offer" icon="ui_game_symbol_zombie" repeatable="true" category_key="challenge" offer_key="challenge_silenceofthelambs_offer" difficulty="insane">
		<objective type="Time" value="1200" optional="true" />
		<objective type="ZombieKill" id="zombieScreamer" value="3" />
		<reward type="SkillPoints" value="1" />
		<reward type="SkillPoints" value="2" optional="true" />
	</quest>
	<quest id="challenge_drunkanddisorderly" name_key="challenge_drunkanddisorderly" subtitle_key="challenge_drunkanddisorderly_subtitle" description_key="challenge_drunkanddisorderly_offer" icon="ui_game_symbol_zombie" repeatable="true" category_key="challenge" offer_key="challenge_drunkanddisorderly_offer" difficulty="medium">
		<objective type="Time" value="600" optional="true" />
		<objective type="ZombieKill" value="2" />
		<requirement type="Holding" id="" />
		<requirement type="Group" value="OR">
			<requirement type="Buff" id="Drunk" />
			<requirement type="Buff" id="SickDrunk" />
		</requirement>
		<reward type="SkillPoints" value="1" />
		<reward type="SkillPoints" value="1" optional="true" />
	</quest>
	<quest id="challenge_nurseyoubacktohealth" name_key="challenge_nurseyoubacktohealth" subtitle_key="challenge_nurseyoubacktohealth_subtitle" description_key="challenge_nurseyoubacktohealth_offer" icon="ui_game_symbol_zombie" repeatable="true" category_key="challenge" offer_key="challenge_nurseyoubacktohealth_offer" difficulty="medium">
		<objective type="Time" value="900" optional="true" />
		<objective type="ZombieKill" id="zombieNurse" value="3" />
		<reward type="SkillPoints" value="1" />
		<reward type="SkillPoints" value="1" optional="true" />
	</quest>
	<quest id="challenge_copanattitude" name_key="challenge_copanattitude" subtitle_key="challenge_copanattitude_subtitle" description_key="challenge_copanattitude_offer" icon="ui_game_symbol_zombie" repeatable="true" category_key="challenge" offer_key="challenge_copanattitude_offer" difficulty="hard">
		<objective type="Time" value="1500" optional="true" />
		<objective type="ZombieKill" id="zombieFatCop" value="2" />
		<reward type="SkillPoints" value="1" />
		<reward type="SkillPoints" value="1" optional="true" />
	</quest>
	<quest id="challenge_dogdaysareover" name_key="challenge_dogdaysareover" subtitle_key="challenge_dogdaysareover_subtitle" description_key="challenge_dogdaysareover_offer" icon="ui_game_symbol_zombie" repeatable="true" category_key="challenge" offer_key="challenge_dogdaysareover_offer" difficulty="hard">
		<objective type="Time" value="1500" optional="true" />
		<objective type="ZombieKill" id="animalZombieDog" value="3" />
		<reward type="SkillPoints" value="1" />
		<reward type="SkillPoints" value="1" optional="true" />
	</quest>
	<quest id="challenge_itsybitsyspider" name_key="challenge_itsybitsyspider" subtitle_key="challenge_itsybitsyspider_subtitle" description_key="challenge_itsybitsyspider_offer" icon="ui_game_symbol_zombie" repeatable="true" category_key="challenge" offer_key="challenge_itsybitsyspider_offer" difficulty="medium">
		<objective type="Time" value="900" optional="true" />
		<objective type="ZombieKill" id="zombieSpider" value="3" />
		<reward type="SkillPoints" value="1" />
		<reward type="SkillPoints" value="1" optional="true" />
	</quest>
	<quest id="challenge_ladykiller" name_key="challenge_ladykiller" subtitle_key="challenge_ladykiller_subtitle" description_key="challenge_ladykiller_offer" icon="ui_game_symbol_zombie" repeatable="true" category_key="challenge" offer_key="challenge_ladykiller_offer" difficulty="medium">
		<objective type="Time" value="900" optional="true" />
		<objective type="ZombieKill" id="zombieArlene" value="1" />
		<objective type="ZombieKill" id="zombieDarlene" value="1" />
		<objective type="ZombieKill" id="zombieMarlene" value="1" />
		<objective type="ZombieKill" id="zombieNurse" value="1" />
		<reward type="SkillPoints" value="1" />
		<reward type="SkillPoints" value="1" optional="true" />
	</quest>
	<quest id="challenge_maneater" name_key="challenge_maneater" subtitle_key="challenge_maneater_subtitle" description_key="challenge_maneater_offer" icon="ui_game_symbol_zombie" repeatable="true" category_key="challenge" offer_key="challenge_maneater_offer" difficulty="medium">
		<objective type="Time" value="900" optional="true" />
		<objective type="ZombieKill" id="zombieBoe" value="1" />
		<objective type="ZombieKill" id="zombieJoe" value="1" />
		<objective type="ZombieKill" id="zombieMoe" value="1" />
		<objective type="ZombieKill" id="zombieYo" value="1" />
		<objective type="ZombieKill" id="zombieSteve" value="1" />
		<reward type="SkillPoints" value="1" />
		<reward type="SkillPoints" value="1" optional="true" />
	</quest>
	<quest id="challenge_yournothingspecial" name_key="challenge_yournothingspecial" subtitle_key="challenge_yournothingspecial_subtitle" description_key="challenge_yournothingspecial_offer" icon="ui_game_symbol_zombie" repeatable="true" category_key="challenge" offer_key="challenge_yournothingspecial_offer" difficulty="insane">
		<objective type="Time" value="1800" optional="true" />
		<objective type="ZombieKill" id="zombieSpider" value="1" />
		<objective type="ZombieKill" id="zombieFatCop" value="1" />
		<objective type="ZombieKill" id="zombieWightFeral" value="1" />
		<objective type="ZombieKill" id="zombieScreamer" value="1" />
		<objective type="ZombieKill" id="zombieBurnt" value="1" />
		<reward type="SkillPoints" value="1" />
		<reward type="SkillPoints" value="2" optional="true" />
	</quest>
	<quest id="challenge_imalumberjackandimokay" name_key="challenge_imalumberjackandimokay" subtitle_key="challenge_imalumberjackandimokay_subtitle" description_key="challenge_imalumberjackandimokay_offer" icon="ui_game_symbol_zombie" repeatable="true" category_key="challenge" offer_key="challenge_imalumberjackandimokay_offer" difficulty="hard">
		<objective type="Time" value="900" optional="true" />
		<objective type="ZombieKill" id="zombieSnow" value="3" />
		<requirement type="Group" id="requirementGroupFireaxe" value="OR">
			<requirement type="Holding" id="fireaxeIron" />
			<requirement type="Holding" id="fireaxeSteel" />
		</requirement>
		<reward type="SkillPoints" value="1" />
		<reward type="SkillPoints" value="1" optional="true" />
	</quest>
	<quest id="challenge_killthewabbit" name_key="challenge_killthewabbit" subtitle_key="challenge_killthewabbit_subtitle" description_key="challenge_killthewabbit_offer" icon="ui_game_symbol_knife" repeatable="true" category_key="challenge" offer_key="challenge_killthewabbit_offer" difficulty="medium">
		<objective type="AnimalKill" id="animalRabbit" value="5" />
		<requirement type="Group" id="requirementGroupShotgun" value="OR">
			<requirement type="Holding" id="gunSawedOffPumpShotgun" />
			<requirement type="Holding" id="gunPumpShotgun" />
		</requirement>
		<reward type="SkillPoints" value="2" />
	</quest>
	<quest id="challenge_nailsomechicks" name_key="challenge_nailsomechicks" subtitle_key="challenge_nailsomechicks_subtitle" description_key="challenge_nailsomechicks_offer" icon="ui_game_symbol_knife" repeatable="true" category_key="challenge" offer_key="challenge_nailsomechicks_offer" difficulty="medium">
		<objective type="AnimalKill" id="animalChicken" value="5" />
		<requirement type="Holding" id="nailgun" />
		<reward type="SkillPoints" value="2" />
	</quest>
	<quest id="challenge_thatlldopig" name_key="challenge_thatlldopig" subtitle_key="challenge_thatlldopig_subtitle" description_key="challenge_thatlldopig_offer" icon="ui_game_symbol_knife" repeatable="true" category_key="challenge" offer_key="challenge_thatlldopig_offer" difficulty="easy">
		<objective type="AnimalKill" id="animalBoar" value="5" />
		<reward type="SkillPoints" value="1" />
	</quest>
	<quest id="challenge_stagparty" name_key="challenge_stagparty" subtitle_key="challenge_stagparty_subtitle" description_key="challenge_stagparty_offer" icon="ui_game_symbol_knife" repeatable="true" category_key="challenge" offer_key="challenge_stagparty_offer" difficulty="easy">
		<objective type="AnimalKill" id="animalStag" value="5" />
		<reward type="SkillPoints" value="1" />
	</quest>
	<quest id="challenge_dontfeedthebears" name_key="challenge_dontfeedthebears" subtitle_key="challenge_dontfeedthebears_subtitle" description_key="challenge_dontfeedthebears_offer" icon="ui_game_symbol_knife" repeatable="true" category_key="challenge" offer_key="challenge_dontfeedthebears_offer" difficulty="hard">
		<objective type="AnimalKill" id="animalBear" value="3" />
		<reward type="SkillPoints" value="2" />
	</quest>
	<quest id="challenge_buythefarm" name_key="challenge_buythefarm" subtitle_key="challenge_buythefarm_subtitle" description_key="challenge_buythefarm_offer" icon="ui_game_symbol_knife" repeatable="true" category_key="challenge" offer_key="challenge_buythefarm_offer" difficulty="medium">
		<objective type="AnimalKill" id="animalRabbit" value="1" />
		<objective type="AnimalKill" id="animalChicken" value="1" />
		<objective type="AnimalKill" id="animalBoar" value="1" />
		<objective type="AnimalKill" id="animalStag" value="1" />
		<objective type="AnimalKill" id="animalBear" value="1" />
		<reward type="SkillPoints" value="2" />
	</quest>
	<quest id="treasure_taylor" name_key="treasure_taylor" subtitle_key="treasure_taylor_subtitle" description_key="treasure_taylor_offer" icon="ui_game_symbol_treasure" repeatable="true" category_key="treasure" offer_key="treasure_taylor_offer" difficulty="medium">
		<objective type="TreasureChest" id="treasureChest" value="1000-1750" />
	</quest>
	<quest id="treasure_nickole" name_key="treasure_nickole" subtitle_key="treasure_nickole_subtitle" description_key="treasure_nickole_offer" icon="ui_game_symbol_treasure" repeatable="true" category_key="treasure" offer_key="treasure_nickole_offer" difficulty="medium">
		<objective type="TreasureChest" id="treasureChest" value="1000-1750" />
	</quest>
	<quest id="treasure_stephan" name_key="treasure_stephan" subtitle_key="treasure_stephan_subtitle" description_key="treasure_stephan_offer" icon="ui_game_symbol_treasure" repeatable="true" category_key="treasure" offer_key="treasure_stephan_offer" difficulty="medium">
		<objective type="TreasureChest" id="treasureChest" value="1000-1750" />
	</quest>
	<quest id="treasure_jennifer" name_key="treasure_jennifer" subtitle_key="treasure_jennifer_subtitle" description_key="treasure_jennifer_offer" icon="ui_game_symbol_treasure" repeatable="true" category_key="treasure" offer_key="treasure_jennifer_offer" difficulty="medium">
		<objective type="TreasureChest" id="treasureChest" value="1000-1750" />
	</quest>
	<quest id="treasure_claude" name_key="treasure_claude" subtitle_key="treasure_claude_subtitle" description_key="treasure_claude_offer" icon="ui_game_symbol_treasure" repeatable="true" category_key="treasure" offer_key="treasure_claude_offer" difficulty="medium">
		<objective type="TreasureChest" id="treasureChest" value="1000-1750" />
	</quest>
	<quest id="treasure_sarah" name_key="treasure_sarah" subtitle_key="treasure_sarah_subtitle" description_key="treasure_sarah_offer" icon="ui_game_symbol_treasure" repeatable="true" category_key="treasure" offer_key="treasure_sarah_offer" difficulty="medium">
		<objective type="TreasureChest" id="treasureChest" value="1000-1750" />
	</quest>
	<quest id="treasure_raphael" name_key="treasure_raphael" subtitle_key="treasure_raphael_subtitle" description_key="treasure_raphael_offer" icon="ui_game_symbol_treasure" repeatable="true" category_key="treasure" offer_key="treasure_raphael_offer" difficulty="medium">
		<objective type="TreasureChest" id="treasureChest" value="1000-1750" />
	</quest>
	<quest id="challenge_Killer" name_key="challenge_Killer" subtitle_key="challenge_Killer_subtitle" description_key="challenge_Killer_offer" icon="ui_game_symbol_knife" repeatable="false" category_key="challenge" offer_key="challenge_Killer_offer" difficulty="easy">
		<objective type="ZombieKill" value="250" />
		<reward type="Quest" id="challenge_Slayer" />
		<reward type="SkillPoints" value="5" />
	</quest>
	<quest id="challenge_Slayer" name_key="challenge_Killer" subtitle_key="challenge_Killer_subtitle" description_key="challenge_Killer_offer" icon="ui_game_symbol_knife" repeatable="false" category_key="challenge" offer_key="challenge_Killer_offer" difficulty="easy">
		<objective type="ZombieKill" value="250" />
		<reward type="Quest" id="challenge_King" />
		<reward type="SkillPoints" value="5" />
	</quest>
	<quest id="challenge_King" name_key="challenge_Killer" subtitle_key="challenge_Killer_subtitle" description_key="challenge_Killer_offer" icon="ui_game_symbol_knife" repeatable="false" category_key="challenge" offer_key="challenge_Killer_offer" difficulty="easy">
		<objective type="ZombieKill" value="250" />
		<reward type="Quest" id="challenge_Killer4" />
		<reward type="SkillPoints" value="5" />
	</quest>
	<quest id="challenge_Killer4" name_key="challenge_Slayer" subtitle_key="challenge_Slayer_subtitle" description_key="challenge_Slayer_offer" icon="ui_game_symbol_knife" repeatable="false" category_key="challenge" offer_key="challenge_Slayer_offer" difficulty="easy">
		<objective type="ZombieKill" value="250" />
		<reward type="Quest" id="challenge_Killer5" />
		<reward type="SkillPoints" value="5" />
	</quest>
	<quest id="challenge_Killer5" name_key="challenge_Slayer" subtitle_key="challenge_Slayer_subtitle" description_key="challenge_Slayer_offer" icon="ui_game_symbol_knife" repeatable="false" category_key="challenge" offer_key="challenge_Slayer_offer" difficulty="easy">
		<objective type="ZombieKill" value="250" />
		<reward type="Quest" id="challenge_Killer6" />
		<reward type="SkillPoints" value="5" />
	</quest>
	<quest id="challenge_Killer6" name_key="challenge_Slayer" subtitle_key="challenge_Slayer_subtitle" description_key="challenge_Slayer_offer" icon="ui_game_symbol_knife" repeatable="false" category_key="challenge" offer_key="challenge_Slayer_offer" difficulty="easy">
		<objective type="ZombieKill" value="250" />
		<reward type="Quest" id="challenge_Killer7" />
		<reward type="SkillPoints" value="5" />
	</quest>
	<quest id="challenge_Killer7" name_key="challenge_King" subtitle_key="challenge_King_subtitle" description_key="challenge_King_offer" icon="ui_game_symbol_knife" repeatable="false" category_key="challenge" offer_key="challenge_King_offer" difficulty="easy">
		<objective type="ZombieKill" value="250" />
		<reward type="Quest" id="challenge_Killer8" />
		<reward type="SkillPoints" value="5" />
	</quest>
	<quest id="challenge_Killer8" name_key="challenge_King" subtitle_key="challenge_King_subtitle" description_key="challenge_King_offer" icon="ui_game_symbol_knife" repeatable="false" category_key="challenge" offer_key="challenge_King_offer" difficulty="easy">
		<objective type="ZombieKill" value="250" />
		<reward type="SkillPoints" value="5" />
	</quest>
    <quest id="challenge_Hen" name_key="challenge_Hen" subtitle_key="challenge_Hen_subtitle" description_key="challenge_Hen_offer" icon="ui_game_symbol_knife" repeatable="false" category_key="challenge" offer_key="challenge_Hen_offer" difficulty="easy">
		<objective type="Craft" id="chickenCoop" value="1" />
        <objective type="BlockPlace" id="chickenCoop" value="1" />
		<objective type="FetchKeep" id="babyChicken" value="1" />
		<objective type="FetchKeep" id="hen" value="1" />
		<reward type="SkillPoints" value="1" />
	</quest>
	<quest id="challenge_InfectedAnimals" name_key="challenge_Vorpal" subtitle_key="challenge_Vorpal_subtitle" description_key="challenge_Vorpal_offer" icon="ui_game_symbol_knife" repeatable="false" category_key="challenge" offer_key="challenge_Vorpal_offer" difficulty="easy">
		<objective type="AnimalKill" id="animalRabbitHostile" value="1" />
		<objective type="AnimalKill" id="animalChickenHostile" value="1" />
		<objective type="ZombieKill" id="zombiedog" value="1" />
		<objective type="AnimalKill" id="zombieBear" value="1" />
		<reward type="SkillPoints" value="1" />
	</quest>
	<quest id="challenge_AntiVenom" name_key="challenge_AntiVenom" subtitle_key="challenge_AntiVenom_subtitle" description_key="challenge_AntiVenom_offer" icon="ui_game_symbol_knife" repeatable="false" category_key="challenge" offer_key="challenge_AntiVenom_offer" difficulty="easy">
		<objective type="Craft" id="antiVenom" value="1" />
		<objective type="Buff" id="antiVenom" />
		<reward type="SkillPoints" value="1" />
	</quest>
	<!--JZMOD PROFESSION QUEST CHAINS-->
	<!--Doctor-->
	<quest id="StartDoctor" name_key="challenge_Profession" subtitle_key="Doctors Quests" description_key="challenge_all_offer" icon="ui_game_symbol_Doctor" repeatable="false" category_key="challenge" offer_key="challenge_all_offer" difficulty="easy">
	</quest>
	<!--Carpenter-->
	<quest id="StartCarpenter" name_key="challenge_Profession" subtitle_key="Carpenters Quests" description_key="challenge_all_offer" icon="ui_game_symbol_Carpenter" repeatable="false" category_key="challenge" offer_key="challenge_all_offer" difficulty="easy">
		<reward type="Item" id="clawHammer" value="300" />
	</quest>
	<!--Cop-->
	<quest id="StartCop" name_key="challenge_Profession" subtitle_key="Cops Quests" description_key="challenge_all_offer" icon="ui_game_symbol_Cop" repeatable="false" category_key="challenge" offer_key="challenge_all_offer" difficulty="easy">
		<reward type="Item" id="oldRevolver" value="600" />
	</quest>
	<!--Soldier-->
	<quest id="StartSoldier" name_key="challenge_Profession" subtitle_key="Soldiers Quests" description_key="challenge_all_offer" icon="ui_game_symbol_Soldier" repeatable="false" category_key="challenge" offer_key="challenge_all_offer" difficulty="easy">
		<reward type="Item" id="oldRifle" value="600" />
	</quest>
	<!--Scientist-->
	<quest id="StartScientist" name_key="challenge_Profession" subtitle_key="Chemists Quests" description_key="challenge_all_offer" icon="ui_game_symbol_Chemist" repeatable="false" category_key="challenge" offer_key="challenge_all_offer" difficulty="easy">	
    </quest>
	<quest id="challenge_Scientist" name_key="challenge_Profession" subtitle_key="challenge_Scientist_subtitle" description_key="challenge_Scientist_offer" icon="ui_game_symbol_Chemist" repeatable="false" category_key="challenge" offer_key="challenge_Scientist_offer" difficulty="easy">
		<objective type="Craft" id="purificationTablets" value="10" />
		<reward type="Exp" value="400" />
		<reward type="SkillPoints" value="1" />
	</quest>
	<!--Chef-->
	<quest id="StartChef" name_key="challenge_Profession" subtitle_key="Chefs Quests" description_key="challenge_all_offer" icon="ui_game_symbol_Chef" repeatable="false" category_key="challenge" offer_key="challenge_all_offer" difficulty="easy">
		<reward type="Item" id="oldKnife" value="600" />
	</quest>
	<!--Fitness Instructor-->
	<quest id="StartFitness" name_key="challenge_Profession" subtitle_key="Fitness Instructors Quests" description_key="challenge_all_offer" icon="ui_game_symbol_Fitness" repeatable="false" category_key="challenge" offer_key="challenge_all_offer" difficulty="easy">
		<reward type="Item" id="bat" value="300" />
	</quest>
	<!--Fireman-->
	<quest id="StartFireman" name_key="challenge_Profession" subtitle_key="Firemans Quests" description_key="challenge_all_offer" icon="ui_game_symbol_Fireman" repeatable="false" category_key="challenge" offer_key="challenge_all_offer" difficulty="easy">
		<reward type="Item" id="firemanAxe" value="300" />
	</quest>
	<!--Iron Worker-->
	<quest id="StartIronWorker" name_key="challenge_Profession" subtitle_key="Construction Workers Quests" description_key="challenge_all_offer" icon="ui_game_symbol_Construction" repeatable="false" category_key="challenge" offer_key="challenge_all_offer" difficulty="easy">
		<reward type="Item" id="wrench" value="300" />
	</quest>
	<!--Electrician-->
	<quest id="StartElectrician" name_key="challenge_Profession" subtitle_key="Electriciana Quests" description_key="challenge_all_offer" icon="ui_game_symbol_Electrician" repeatable="false" category_key="challenge" offer_key="challenge_all_offer" difficulty="easy">
		<reward type="Item" id="wireTool" value="300" />
	</quest>
	<!--Welder-->
	<quest id="StartSteelWelder" name_key="challenge_Profession" subtitle_key="Metal Workers Quests" description_key="challenge_all_offer" icon="ui_game_symbol_Metal" repeatable="false" category_key="challenge" offer_key="challenge_all_offer" difficulty="easy">
		<reward type="Item" id="welderTool" value="300" />
	</quest>
	<!--Burglar-->
	<quest id="StartThief" name_key="challenge_Profession" subtitle_key="Burglars Quests" description_key="challenge_all_offer" icon="ui_game_symbol_Burglar" repeatable="false" category_key="challenge" offer_key="challenge_all_offer" difficulty="easy">
		<reward type="Item" id="lockPickGun" value="600" />
	</quest>
	<!--Park Ranger-->
	<quest id="StartRanger" name_key="challenge_Profession" subtitle_key="Park Rangers Quests" description_key="challenge_all_offer" icon="ui_game_symbol_Ranger" repeatable="false" category_key="challenge" offer_key="challenge_all_offer" difficulty="easy">
		<reward type="Item" id="oldRifle" value="600" />
	</quest>
	<!--Mechanic-->
	<quest id="StartMechanic" name_key="challenge_Profession" subtitle_key="Mechanics Quests" description_key="challenge_all_offer" icon="ui_game_symbol_Mechanic" repeatable="false" category_key="challenge" offer_key="challenge_all_offer" difficulty="easy">
		<reward type="Item" id="screwdriver" value="600" />
		<reward type="Item" id="chainsawSchematic" />
		<reward type="Item" id="augerSchematic" />
	</quest>
	<!--Bouncer-->
	<quest id="StartBouncer" name_key="challenge_Profession" subtitle_key="Bouncer Quests" description_key="challenge_all_offer" icon="ui_game_symbol_Mechanic" repeatable="false" category_key="challenge" offer_key="challenge_all_offer" difficulty="easy">
		<reward type="Item" id="brassKnuckles" value="300" />
	</quest>
	<!--Mason-->
	<quest id="StartMason" name_key="challenge_Profession" subtitle_key="Mason Quests" description_key="challenge_all_offer" icon="ui_game_symbol_Mechanic" repeatable="false" category_key="challenge" offer_key="challenge_all_offer" difficulty="easy">
		<reward type="Item" id="brickHammer" value="300" />
	</quest>
    <!--JZMOD TRADER BARTAR SYSTEM-->
    <quest id="q_barterForGoldenrodTea" name_key="Bartering" subtitle_key="Bartering" description_key="barter_all_offer" icon="ui_game_symbol_Mechanic" repeatable="true" category_key="challenge" offer_key="barter_all_offer" difficulty="easy">
		<reward type="Item" id="goldenRodTea" value="15" />
	</quest>
    <quest id="q_barterForCraftedRevolver" name_key="Bartering" subtitle_key="Bartering" description_key="barter_all_offer" icon="ui_game_symbol_Mechanic" repeatable="true" category_key="challenge" offer_key="barter_all_offer" difficulty="easy">
		<reward type="Item" id="craftedRevolver" value="500" />
	</quest>
    <quest id="q_barterForFirstAidBandage" name_key="Bartering" subtitle_key="Bartering" description_key="barter_all_offer" icon="ui_game_symbol_Mechanic" repeatable="true" category_key="challenge" offer_key="barter_all_offer" difficulty="easy">
		<reward type="Item" id="firstAidBandage" value="5" />
	</quest>
    <quest id="q_barterForGrainAlcohol" name_key="Bartering" subtitle_key="Bartering" description_key="barter_all_offer" icon="ui_game_symbol_Mechanic" repeatable="true" category_key="challenge" offer_key="barter_all_offer" difficulty="easy">
		<reward type="Item" id="grainAlcohol" value="2" />
	</quest>
    <quest id="q_barterForForgedIron" name_key="Bartering" subtitle_key="Bartering" description_key="barter_all_offer" icon="ui_game_symbol_Mechanic" repeatable="true" category_key="challenge" offer_key="barter_all_offer" difficulty="easy">
		<reward type="Item" id="forgedIron" value="20" />
	</quest>
    <quest id="q_barterForForgedSteel" name_key="Bartering" subtitle_key="Bartering" description_key="barter_all_offer" icon="ui_game_symbol_Mechanic" repeatable="true" category_key="challenge" offer_key="barter_all_offer" difficulty="easy">
		<reward type="Item" id="forgedSteel" value="20" />
	</quest>
    <quest id="q_barterForCorrugatedMetalSheet" name_key="Bartering" subtitle_key="Bartering" description_key="barter_all_offer" icon="ui_game_symbol_Mechanic" repeatable="true" category_key="challenge" offer_key="barter_all_offer" difficulty="easy">
		<reward type="Item" id="corrugatedMetalSheet" value="100" />
	</quest>
    <quest id="q_barterForConcreteMix" name_key="Bartering" subtitle_key="Bartering" description_key="barter_all_offer" icon="ui_game_symbol_Mechanic" repeatable="true" category_key="challenge" offer_key="barter_all_offer" difficulty="easy">
		<reward type="Item" id="concreteMix" value="100" />
	</quest>
    <quest id="q_barterForMetalRivetSheet" name_key="Bartering" subtitle_key="Bartering" description_key="barter_all_offer" icon="ui_game_symbol_Mechanic" repeatable="true" category_key="challenge" offer_key="barter_all_offer" difficulty="easy">
		<reward type="Item" id="metalRivetSheet" value="100" />
	</quest>
    <quest id="q_barterForFirstAidKit" name_key="Bartering" subtitle_key="Bartering" description_key="barter_all_offer" icon="ui_game_symbol_Mechanic" repeatable="true" category_key="challenge" offer_key="barter_all_offer" difficulty="easy">
		<reward type="Item" id="firstAidKit" value="2" />
	</quest>
</quests>
